"id","edition","price","title","year","author_id","publisher_id","on_stock"
1,3,530.7,elementum in hac habitasse platea,2005,118,51,7
2,7,122.62,porta,2013,103,172,5
3,2,256.68,id mauris,1995,36,95,10
4,6,225.95,et tempus semper est quam,2001,5,33,4
5,4,689.88,vulputate nonummy maecenas tincidunt,2012,56,143,9
6,6,364.09,pede libero quis orci nullam,2003,196,32,1
7,5,381.75,sed lacus morbi sem,2003,95,199,4
8,2,205.84,neque vestibulum eget vulputate ut,1998,85,81,1
9,4,676.54,in hac,1998,178,143,8
10,7,552.35,amet cursus,2005,192,100,1
11,1,764.66,scelerisque mauris sit amet eros,2019,168,34,10
12,2,238.72,turpis,2020,183,106,7
13,6,448.59,eu massa,2003,150,87,1
14,2,448.37,convallis nunc,2011,165,130,2
15,3,756.0,volutpat sapien arcu sed augue,2022,124,131,8
16,2,287.03,orci,2015,47,59,5
17,1,676.41,consequat lectus in est,2012,3,73,4
18,1,776.79,id consequat in,2006,37,200,1
19,7,312.21,duis consequat dui,1994,66,82,4
20,2,708.31,ut dolor morbi vel,2008,112,190,1
21,4,510.31,leo pellentesque,2002,117,26,6
22,5,493.7,convallis,2000,107,192,6
23,6,465.17,vitae mattis nibh,2019,102,95,9
24,5,217.91,magna vestibulum aliquet,1997,110,72,2
25,6,390.81,natoque penatibus et magnis,2018,84,37,1
26,2,345.6,vel accumsan tellus nisi eu,1994,151,5,2
27,7,543.29,vel lectus in,2006,168,27,10
28,1,499.72,dolor sit,2012,34,188,6
29,3,296.04,commodo vulputate justo in,2014,150,139,6
30,3,271.56,adipiscing elit proin risus,1996,117,140,10
31,6,402.92,ligula,2013,110,134,9
32,3,723.94,ultrices erat tortor,1997,124,135,9
33,1,339.11,sapien dignissim vestibulum vestibulum ante,2000,156,119,8
949,3,344.82,vel est,2008,57,20,10
34,2,701.62,donec ut dolor morbi vel,1997,153,74,3
35,7,615.98,vestibulum,2002,177,88,2
36,3,524.07,non velit donec diam,2005,154,45,6
37,1,698.01,nulla,1994,47,177,1
38,6,447.22,donec ut dolor morbi,1993,71,105,3
39,6,284.71,mauris eget massa tempor convallis,2008,61,195,8
40,2,244.68,blandit,1997,91,101,8
41,1,409.16,consequat varius,2005,178,81,8
42,6,671.6,consequat varius,2014,170,182,2
43,7,141.82,mi sit,2009,125,116,6
44,3,747.11,et commodo vulputate,1998,87,190,2
45,7,761.62,vivamus metus,2003,76,52,5
46,1,597.02,id mauris vulputate elementum,2004,23,190,1
47,6,708.39,est,2016,191,1,3
48,1,384.07,mauris enim,2006,196,54,7
49,2,720.0,at,2016,69,196,9
50,5,499.46,et ultrices posuere cubilia,1994,143,43,1
51,2,303.51,sed sagittis nam,2000,31,48,2
52,2,306.88,nunc proin,1991,152,150,5
53,4,550.98,luctus cum,2005,138,164,7
54,5,361.75,metus aenean fermentum donec,1990,23,6,2
55,1,421.26,sed justo pellentesque viverra,2021,19,124,10
56,3,615.02,in imperdiet et,2020,155,8,7
57,7,709.55,morbi non quam nec dui,2021,11,155,6
58,3,502.13,id ligula suspendisse ornare,2014,138,72,3
59,7,284.43,curae mauris viverra diam vitae,2011,115,27,6
60,7,461.57,duis bibendum felis sed interdum,1998,192,61,3
61,6,798.84,nec dui,2011,31,63,4
62,5,294.5,mauris vulputate elementum nullam,1990,199,107,10
63,5,589.63,justo maecenas,2015,188,197,7
64,5,789.51,penatibus et magnis dis,2001,21,124,7
65,7,311.99,nisl,1995,20,195,5
66,2,324.25,justo eu massa,2015,14,68,7
67,5,186.53,morbi vel lectus,2008,185,90,6
68,6,590.03,lacus at turpis,2021,85,169,7
69,3,590.55,varius integer,2007,170,3,2
70,7,364.56,augue vestibulum rutrum rutrum,2022,109,106,1
71,7,306.61,ultrices enim,1997,34,140,7
72,2,667.85,risus semper porta,2021,166,161,8
73,7,521.88,vivamus tortor duis mattis egestas,2021,52,126,8
74,7,668.77,integer non velit,1993,150,4,9
75,2,154.96,habitasse platea dictumst etiam faucibus,2021,89,167,6
76,5,418.77,lacus morbi quis tortor id,1997,29,23,9
77,4,610.36,donec,2006,25,55,7
78,1,737.9,eleifend luctus ultricies eu nibh,1990,69,113,1
79,5,729.15,rutrum rutrum neque aenean auctor,2002,8,181,2
80,1,544.76,nullam porttitor lacus,2013,184,116,7
81,7,298.21,risus semper porta volutpat quam,2015,2,120,8
82,4,752.46,odio,2002,132,146,5
83,4,532.99,proin at turpis,2017,90,100,6
84,5,767.03,in leo maecenas,1996,36,179,7
85,3,729.38,amet sem fusce consequat nulla,1992,128,17,7
86,5,210.16,vulputate justo in blandit,2005,191,120,7
87,1,495.81,metus vitae,2021,30,68,10
88,2,253.83,nulla mollis molestie,2015,122,98,3
89,4,647.25,magnis dis parturient,2004,110,195,10
90,2,372.4,curae,2000,94,94,8
91,1,490.4,ipsum dolor,2001,153,151,4
92,3,698.18,est,2007,58,55,10
93,5,304.63,nisi nam ultrices libero,2001,74,6,7
94,4,589.3,sit amet,2014,93,141,6
95,5,286.98,elementum eu interdum eu,2001,155,7,2
96,5,504.28,non,2017,165,76,3
97,3,164.35,curae donec pharetra magna,1990,33,135,10
98,3,559.87,tortor,2016,129,142,2
99,1,578.24,potenti in eleifend quam,2019,175,21,1
100,5,176.76,morbi,2011,37,31,4
101,1,152.84,non lectus aliquam sit,2001,83,149,4
102,4,546.77,feugiat non pretium quis lectus,2014,73,12,7
103,5,378.31,viverra eget,2013,79,86,5
104,6,712.17,nulla,2006,150,29,10
105,2,455.02,sed interdum venenatis turpis,1997,108,129,8
106,1,326.09,ridiculus mus,2007,30,25,5
107,6,138.54,vulputate vitae,2018,124,191,10
108,6,118.84,ridiculus mus vivamus vestibulum sagittis,2004,162,98,9
109,1,295.19,sit amet nunc,2010,37,187,6
110,4,146.45,rhoncus aliquam lacus morbi,1991,84,138,2
111,6,132.69,ultrices libero non mattis,1998,3,84,8
112,6,444.47,lacus morbi sem,2002,167,10,10
113,2,625.01,orci vehicula,1996,20,123,1
114,5,458.01,amet consectetuer adipiscing elit proin,2020,68,54,7
115,3,432.13,cras non velit nec,2017,87,180,1
116,7,335.22,rhoncus sed vestibulum sit,2011,192,196,5
117,1,732.63,at,1995,124,186,5
118,1,114.54,id nisl,1990,157,1,2
119,1,401.49,fusce consequat,1997,60,97,8
120,5,126.04,vel enim sit amet nunc,2017,109,48,4
121,3,542.52,dapibus at diam nam,1993,198,169,1
122,4,733.07,platea dictumst aliquam augue,2021,50,14,3
123,2,199.63,ut mauris eget,1998,14,45,2
124,6,539.82,turpis a pede posuere,1993,101,136,4
125,2,594.93,quam a odio,2003,37,95,8
126,5,208.37,maecenas leo odio condimentum id,2008,155,147,9
127,3,483.48,maecenas pulvinar,2002,131,155,5
128,2,537.66,nullam porttitor lacus,2020,102,121,7
129,7,596.4,non quam nec,2000,68,176,7
130,1,139.58,tincidunt in leo maecenas pulvinar,1995,150,136,4
131,3,555.82,sed vel enim,2007,14,72,6
132,3,703.46,libero nullam sit amet,2009,35,70,6
133,2,343.99,erat quisque erat,2010,167,107,5
134,5,462.23,ipsum,2022,67,178,9
135,4,356.64,varius ut blandit,2001,134,161,9
136,7,535.74,rhoncus sed,2020,71,147,7
137,4,532.03,quis,2009,128,139,8
138,4,215.48,placerat praesent blandit nam,2012,2,51,4
139,4,510.24,mauris laoreet ut rhoncus,2013,33,96,3
140,5,460.82,facilisi cras non,2012,149,36,2
141,4,268.53,a pede posuere nonummy integer,1998,186,34,4
142,2,470.59,orci,2010,81,60,5
143,5,614.91,velit donec diam neque vestibulum,2006,72,42,4
144,1,232.33,nunc,2014,40,159,5
145,3,159.23,turpis donec posuere,2011,16,146,9
146,3,416.6,quisque arcu libero,2007,33,142,9
147,4,173.33,cubilia curae mauris,1999,63,130,6
148,6,658.21,luctus et ultrices posuere,2022,99,119,9
149,2,423.19,nunc viverra dapibus,2021,123,33,3
150,4,668.62,venenatis turpis,2021,192,26,2
151,2,169.25,lobortis ligula sit amet,2009,158,114,6
152,2,565.12,nulla dapibus dolor,2013,17,170,2
153,3,286.29,eget nunc donec quis,2019,161,51,8
154,3,627.62,donec ut,2003,91,5,7
155,2,612.16,vestibulum,1994,68,168,2
156,7,498.37,natoque,2019,37,18,1
157,1,590.15,sollicitudin vitae,2018,102,155,4
158,7,563.66,cursus urna ut tellus nulla,2008,169,87,6
159,1,727.7,curae donec pharetra magna,2001,172,53,8
160,6,757.79,interdum in ante vestibulum ante,2018,180,144,4
161,6,255.67,nascetur ridiculus mus,2010,36,146,8
162,3,427.54,sem fusce consequat nulla nisl,2000,151,50,4
163,4,749.01,ligula sit amet eleifend,2016,29,184,5
164,4,310.43,nullam sit amet turpis elementum,2008,56,55,7
165,3,300.45,volutpat quam pede lobortis ligula,1995,166,119,5
166,2,336.65,in hac habitasse platea,2021,141,164,3
167,2,305.07,ante,2006,37,143,8
168,6,150.19,sit amet consectetuer adipiscing elit,2008,131,78,2
169,3,664.61,justo morbi,2015,108,68,2
170,7,449.8,sed,2014,161,59,5
171,1,473.57,sapien ut nunc vestibulum,2014,17,66,7
172,5,747.99,gravida sem,2010,57,159,5
173,1,780.33,eget,2016,194,105,2
174,6,448.51,pellentesque ultrices phasellus id,2003,191,138,5
175,4,459.58,sapien ut nunc vestibulum,1995,92,134,2
176,1,446.03,odio elementum,2020,126,102,2
177,7,219.2,duis consequat dui nec nisi,1994,176,13,3
178,5,693.93,at nulla suspendisse,2001,73,65,7
179,4,632.47,in eleifend quam a,2012,121,156,3
180,7,126.31,diam,2014,150,1,1
181,4,380.75,proin eu,1992,86,74,7
182,4,351.92,a odio,2005,107,24,3
183,5,196.51,vitae ipsum,2021,12,14,6
184,3,181.29,in hac habitasse platea dictumst,1997,185,168,8
185,5,250.33,pellentesque quisque porta volutpat erat,2016,63,180,5
186,5,404.19,ut,2021,4,166,5
187,7,413.82,amet eros,2006,108,78,8
188,7,587.02,nam congue,1996,165,183,6
189,6,327.86,bibendum imperdiet,2014,85,18,1
190,7,465.41,erat volutpat in congue,2001,193,45,5
191,4,488.79,etiam faucibus cursus urna,1995,72,104,8
192,7,582.72,nulla pede,1993,45,69,8
193,2,158.38,dictumst,2008,35,13,1
194,1,160.76,arcu,2005,58,9,9
195,3,412.24,vitae consectetuer eget rutrum,2006,87,89,9
196,6,263.9,tortor,2002,168,89,4
197,1,547.27,erat vestibulum sed,1998,192,9,5
198,6,370.31,feugiat et,2001,118,123,9
199,4,722.51,lectus in est risus,1998,180,195,6
200,3,192.34,volutpat,2014,68,33,9
201,5,582.2,morbi odio,2017,191,31,2
202,6,331.95,bibendum felis sed,2011,175,125,9
203,2,790.86,commodo vulputate justo,1998,118,6,5
204,7,312.3,nunc,2013,157,197,9
205,6,231.35,pellentesque ultrices mattis odio,2010,152,160,6
206,7,528.74,viverra,2021,149,91,2
207,5,304.71,cubilia curae duis,2002,70,43,10
208,4,583.75,ligula suspendisse ornare consequat,2015,16,81,5
209,5,787.49,id pretium,1993,22,104,7
210,6,578.88,habitasse platea dictumst etiam,1997,69,98,7
211,2,518.55,cursus vestibulum proin eu mi,1998,197,179,4
212,2,543.9,et magnis dis parturient montes,1996,54,83,6
213,5,358.11,purus sit,2016,91,25,4
214,5,182.91,etiam,2005,42,41,2
215,5,777.96,odio justo sollicitudin ut,1993,144,82,2
216,2,480.59,vulputate justo in blandit,1991,8,184,3
217,5,347.4,duis bibendum morbi,2007,2,122,8
218,3,690.5,mauris morbi non,2012,170,180,6
219,6,419.32,semper porta volutpat quam pede,2022,109,95,5
220,5,518.69,id ligula suspendisse ornare,2015,95,67,4
221,6,204.3,diam nam tristique tortor eu,2012,149,148,2
222,3,356.11,nec dui,1999,85,66,7
223,7,257.33,donec dapibus duis at velit,2017,30,108,10
224,6,286.7,neque vestibulum,2009,103,128,8
225,7,681.99,ac leo pellentesque ultrices,2017,71,40,8
226,3,714.73,odio,2014,166,166,8
227,3,573.4,habitasse platea,2020,67,171,4
228,6,498.62,lacinia eget,1992,1,157,2
229,1,665.64,libero nam dui proin leo,1990,13,46,4
230,3,773.23,suspendisse accumsan tortor quis,2010,4,33,8
231,6,409.55,orci eget orci vehicula,2007,194,22,1
232,1,389.71,aliquet maecenas leo odio condimentum,2003,112,19,1
233,7,729.38,quis augue luctus tincidunt,2015,142,48,7
234,7,684.56,consequat nulla nisl nunc,2019,96,6,2
235,4,433.95,in leo,1993,50,174,7
236,3,593.36,enim lorem,1997,110,3,3
237,1,518.18,rutrum nulla tellus in,2000,43,196,10
238,2,137.18,ridiculus,2016,184,114,6
239,6,301.4,pellentesque viverra pede ac diam,1990,123,4,7
240,1,522.83,vestibulum ante ipsum primis,2010,44,5,5
241,7,713.09,est lacinia nisi,1992,98,152,2
242,2,542.63,leo,2007,162,20,2
243,1,426.65,eget rutrum at lorem,2017,79,107,1
244,3,284.7,purus aliquet at,2000,82,51,6
245,1,468.17,neque,2010,162,71,9
246,1,515.01,cras non velit nec,2017,36,151,1
247,7,120.35,integer ac neque duis bibendum,1990,132,20,8
248,5,222.41,penatibus et magnis dis,2007,134,160,4
249,5,569.01,eleifend luctus ultricies eu nibh,2007,191,34,8
250,3,475.42,maecenas tristique,2003,2,102,6
251,6,421.12,nam,2000,167,51,5
252,3,616.83,lacus morbi sem mauris laoreet,2012,127,55,10
253,6,462.09,duis ac nibh,1998,4,6,1
254,5,410.21,nullam,2002,55,56,10
255,4,690.92,dapibus duis at velit,2014,131,21,4
256,3,361.8,at lorem,1995,183,87,1
257,4,698.62,scelerisque,2014,94,172,2
258,4,198.29,imperdiet nullam,2013,184,83,10
259,2,778.48,a feugiat et eros vestibulum,1991,13,190,2
260,1,154.99,nisi eu orci mauris lacinia,2000,196,59,3
261,2,245.7,lobortis sapien sapien non,2005,179,69,6
262,6,483.5,libero ut massa,2011,170,153,2
263,3,537.02,suspendisse accumsan tortor,2010,161,194,3
264,2,653.21,posuere metus vitae ipsum aliquam,2020,91,168,4
265,3,326.67,quam,1995,171,163,3
266,3,157.87,nisi,2008,81,60,2
267,5,719.33,proin eu mi,1991,22,74,5
268,7,142.92,felis sed,2020,114,40,3
269,3,548.39,libero,2009,40,89,4
270,5,229.1,dictumst maecenas,2011,86,38,1
271,2,231.39,libero,2012,48,2,4
272,4,434.67,ut,1994,149,76,2
273,2,129.13,ante vivamus tortor duis,2019,1,75,9
274,7,628.23,consequat dui nec nisi volutpat,2003,30,146,7
275,2,324.06,donec odio justo sollicitudin,2017,198,180,7
276,3,342.08,suscipit nulla,1995,123,196,10
277,3,139.74,convallis duis consequat dui nec,1990,162,129,4
278,2,743.29,semper,2011,77,199,8
279,7,117.26,mauris morbi,2006,66,84,10
280,5,143.76,sit amet consectetuer,2014,55,112,10
281,4,176.77,nisl aenean,2012,52,116,7
282,4,283.39,praesent id massa id,2008,5,195,6
283,5,491.46,nisi at nibh,1999,29,114,5
284,3,322.58,suspendisse,2004,110,55,9
285,7,289.91,congue risus semper,1994,45,53,10
286,7,384.79,fusce congue diam id ornare,1997,38,54,3
287,1,422.33,sit amet justo,2001,143,198,10
288,6,273.34,non,2022,148,158,4
289,2,168.68,tincidunt lacus at velit vivamus,2009,118,109,3
290,2,573.65,leo odio porttitor,2005,78,62,8
291,2,791.09,posuere cubilia,2000,35,35,1
292,5,625.79,porttitor lorem id ligula suspendisse,2001,25,76,9
293,5,214.78,lacus,2004,48,100,5
294,6,666.33,ultrices posuere,1998,93,175,2
295,6,745.75,interdum venenatis turpis,2016,193,117,4
296,5,172.24,ante ipsum,2004,132,192,10
297,6,423.11,curabitur in libero,2017,1,100,7
298,4,606.43,in,2019,30,113,6
299,7,685.66,eu sapien cursus vestibulum,2013,91,5,9
300,7,527.66,integer aliquet massa id,2021,94,167,5
301,2,381.3,dictumst maecenas,1996,171,95,2
302,5,675.82,mus vivamus vestibulum,2022,175,116,4
303,3,660.17,imperdiet sapien urna pretium nisl,1996,41,164,1
304,1,185.6,proin at,1990,200,182,9
305,2,266.41,nunc,2009,23,85,2
306,1,161.64,in lacus curabitur at ipsum,2010,199,165,8
307,7,284.54,in blandit ultrices,1998,54,147,1
308,1,460.33,nec nisi,1991,154,152,5
309,6,731.24,ullamcorper,2002,30,131,2
518,5,442.16,rhoncus sed,2016,155,38,9
310,3,622.07,magna bibendum imperdiet nullam,2018,67,124,2
311,2,618.61,accumsan tellus nisi,2004,82,152,10
312,2,577.8,massa tempor,1994,77,129,10
313,1,267.03,diam cras,2012,22,137,6
314,4,451.64,vestibulum ante ipsum primis in,2007,121,26,4
315,6,176.11,sapien in sapien,2008,97,129,10
316,6,118.9,posuere cubilia curae duis,2000,192,114,8
317,5,128.9,lectus vestibulum quam sapien,2018,121,70,3
318,3,237.66,at,2008,15,122,9
319,4,708.17,non mauris morbi non lectus,2019,150,3,8
320,6,376.45,in quis justo maecenas,2010,131,145,8
321,6,249.0,nisl duis bibendum,1997,162,24,9
322,3,598.23,id,2008,11,123,1
323,3,210.34,turpis nec euismod scelerisque,1999,61,42,5
324,6,204.68,id pretium,2004,3,86,1
325,4,517.18,felis ut at,2000,169,131,5
326,1,788.17,ut nunc vestibulum ante ipsum,1998,195,131,1
327,6,221.11,fusce lacus purus aliquet at,2000,24,48,5
328,4,327.98,eu est congue,2015,86,54,5
329,7,291.16,luctus cum,1997,135,155,6
330,5,528.44,augue vestibulum rutrum,1999,181,53,1
331,5,711.17,vel augue vestibulum,2018,8,118,3
332,3,673.8,pede,2013,161,151,8
333,7,219.45,ultrices,2014,139,131,2
334,6,698.05,vel dapibus at diam,2000,34,89,10
335,3,355.06,lacinia eget,2006,36,143,2
336,4,770.28,pharetra magna vestibulum aliquet,2009,120,127,4
337,5,476.2,iaculis,2013,63,155,4
338,6,531.74,purus phasellus in,2022,122,195,10
339,1,701.3,tincidunt eu,1993,157,11,3
340,5,439.48,vel,1990,68,100,9
341,7,578.85,dapibus at diam nam tristique,2005,2,149,10
342,1,159.61,duis,1994,154,150,10
343,1,194.87,ullamcorper purus sit,2020,126,91,9
344,4,704.9,mollis molestie,2007,157,108,10
345,6,693.73,phasellus sit amet erat nulla,1994,44,115,1
346,2,336.84,eu massa,2017,25,25,6
347,4,746.65,vel,2021,147,10,9
348,1,297.15,dolor morbi vel lectus in,1993,143,66,7
349,2,720.61,dapibus,1999,172,137,4
350,2,556.77,justo etiam pretium,1999,95,17,5
351,2,472.73,lacinia sapien quis libero,2013,198,60,5
352,3,249.77,sagittis nam congue risus,2021,3,70,2
353,1,736.65,et magnis dis,2001,104,180,4
354,2,168.92,nulla mollis molestie,2000,196,86,2
355,6,323.66,nulla sed,1991,14,187,6
356,3,687.11,vitae quam,2014,88,171,8
357,5,482.77,nulla eget eros elementum pellentesque,2014,165,186,2
358,4,683.3,iaculis diam erat fermentum justo,2018,14,2,5
359,5,334.82,tellus semper interdum,2017,165,82,2
360,2,763.12,odio cras,2021,99,9,5
361,6,220.71,cubilia curae,2015,188,82,3
362,5,175.56,quis libero nullam sit amet,2017,101,119,8
363,5,192.69,mattis nibh ligula nec sem,2022,131,180,7
364,6,705.25,diam id ornare,2007,127,41,7
365,2,149.15,pulvinar nulla pede ullamcorper,1995,106,167,10
366,4,741.64,montes nascetur,2003,5,39,1
367,3,276.63,ut dolor morbi,1996,126,44,6
368,7,416.19,condimentum curabitur in libero ut,1997,26,123,10
369,5,370.86,vel ipsum praesent blandit,2006,85,40,1
370,4,705.39,lacus morbi sem mauris laoreet,2013,42,92,9
371,7,679.29,eros suspendisse accumsan,2015,166,182,8
372,2,632.68,montes,2013,47,118,8
373,5,677.05,vestibulum velit,2018,140,109,10
374,3,406.8,in,2022,199,83,6
375,5,719.69,imperdiet,1998,126,66,1
376,6,192.52,scelerisque mauris sit,2003,85,80,1
377,6,265.15,ut nunc vestibulum ante,2007,113,8,5
378,2,301.62,vel pede,2000,171,51,1
379,1,275.16,pede justo,2017,127,50,9
380,3,303.23,in blandit ultrices enim,2001,29,166,9
381,6,491.19,sem praesent id massa id,2021,41,25,2
382,7,718.44,mattis nibh,1992,146,151,2
383,5,195.16,morbi odio odio elementum eu,2012,4,21,7
384,5,366.4,duis mattis,2003,6,166,7
385,4,632.9,morbi ut odio cras mi,1990,20,40,9
386,2,541.08,ligula in lacus,2022,17,59,3
387,5,354.08,eget semper rutrum nulla,2007,81,102,10
388,6,120.85,velit,2004,112,167,4
389,6,219.27,quam sollicitudin vitae consectetuer eget,2020,151,61,4
390,5,178.8,vivamus metus arcu adipiscing molestie,2003,72,98,2
391,6,172.31,morbi odio odio elementum,1992,153,184,5
392,1,757.23,vel nisl,2019,138,107,6
393,2,709.09,primis in,2005,97,193,5
394,6,338.97,mi integer ac,2014,163,29,8
395,1,489.06,mi sit amet,1994,102,143,9
396,1,406.27,congue vivamus metus,2021,57,41,5
397,3,791.15,vestibulum proin,2019,179,67,5
398,4,595.82,justo morbi,2019,53,116,6
399,6,414.78,lacinia,2011,113,67,1
400,7,300.23,quis tortor,2021,163,188,6
401,6,150.55,eros vestibulum,2001,88,105,7
402,3,385.33,et,2003,75,200,7
403,4,128.79,ipsum,2003,61,143,3
404,1,120.97,amet eros,2018,183,147,6
405,3,282.96,in sapien,2010,192,129,7
406,2,216.25,dis parturient montes,2022,175,110,1
407,3,197.11,vitae mattis,2019,141,156,3
408,2,113.98,vel sem sed sagittis,2007,151,197,4
409,5,186.93,consectetuer eget rutrum at,2018,15,60,7
410,1,292.51,tortor id nulla ultrices,2021,57,122,4
411,4,638.19,integer pede justo,2006,129,50,5
412,7,125.26,proin interdum mauris non,1993,53,42,4
413,5,597.83,adipiscing elit proin,1999,80,20,5
414,2,514.22,lorem ipsum dolor sit,2005,112,77,2
415,4,600.11,luctus nec molestie sed justo,2006,71,108,5
416,4,567.73,eget congue eget semper,1990,200,146,8
417,6,539.35,quam nec dui luctus,1997,125,142,4
418,4,225.06,sem sed sagittis,2020,16,107,10
419,3,467.01,ultrices enim lorem,2013,85,199,8
420,5,641.22,tempus,2003,88,173,7
421,7,578.96,morbi ut,2003,170,67,7
422,2,114.15,tortor sollicitudin mi sit,1997,108,72,10
423,7,608.27,augue aliquam erat,2006,121,86,6
424,3,757.44,mollis molestie,2000,181,137,3
425,1,389.76,semper porta,1991,160,186,1
426,6,386.52,velit donec diam neque vestibulum,2009,81,41,9
427,3,560.65,risus praesent lectus vestibulum,1993,22,71,4
428,3,566.18,mus vivamus,2014,99,163,1
429,4,158.73,pharetra,2017,83,65,7
430,4,581.8,velit id pretium,2006,26,38,3
431,7,369.35,posuere felis sed lacus,2005,113,126,8
432,5,329.16,morbi ut,1994,125,82,2
433,2,338.58,nisl,2015,83,113,10
434,5,258.67,proin leo odio,1992,2,10,8
435,1,368.46,posuere cubilia curae donec pharetra,1996,149,74,1
436,4,201.56,et commodo vulputate,2004,181,47,10
437,3,153.91,consectetuer eget rutrum at,2020,95,106,4
438,5,289.41,est quam pharetra,1990,169,114,10
439,2,170.14,eget eleifend,2003,164,129,3
440,6,295.73,nulla elit ac nulla,1992,105,196,5
441,7,394.0,vestibulum sed,1993,51,146,5
442,3,709.7,dis parturient montes,2005,76,48,7
443,2,550.99,nulla pede ullamcorper,1998,51,18,6
444,4,791.55,morbi ut,2008,59,119,7
445,1,593.46,consequat nulla,2020,57,76,10
446,5,750.07,pellentesque ultrices phasellus id,2013,137,112,4
447,2,362.38,metus arcu,1996,116,174,8
448,1,288.05,at velit vivamus,2005,112,88,7
449,5,455.38,curabitur convallis duis consequat dui,2007,79,198,1
450,7,780.65,pulvinar lobortis est,2017,111,186,1
451,6,679.25,mauris,2013,12,153,2
452,6,633.37,commodo vulputate,2003,152,73,10
453,3,558.5,purus sit amet nulla,1998,90,144,4
454,2,294.75,nulla pede ullamcorper augue,1990,11,124,8
455,2,769.93,justo etiam pretium iaculis justo,1993,41,41,10
456,7,500.79,orci,2009,175,78,1
457,4,768.56,ante ipsum primis in faucibus,2022,129,110,2
458,5,206.88,sagittis nam congue,1992,17,175,7
459,2,148.61,mauris ullamcorper,1994,151,164,7
460,6,409.0,ut suscipit a feugiat et,2014,188,130,1
461,1,718.27,ac lobortis,2022,155,117,3
462,2,725.13,magna vulputate luctus cum,1993,4,53,6
463,5,714.73,quisque id,2018,45,25,3
464,3,551.74,viverra diam vitae,2003,193,128,9
465,1,630.62,ultrices enim,2015,151,157,4
466,1,511.81,in hac habitasse platea,1990,10,155,2
467,6,127.19,varius integer ac leo pellentesque,2009,195,110,1
468,1,776.37,tempus,2007,185,161,9
469,3,261.8,rutrum neque aenean auctor gravida,1996,2,102,10
470,5,468.42,velit,2003,162,127,1
471,6,229.85,vel,2010,173,73,2
472,3,307.68,et magnis,2007,140,109,6
473,4,113.62,ligula sit amet,1996,97,138,7
474,2,401.64,rutrum nulla nunc,2011,123,92,4
475,1,225.95,ipsum primis,2007,141,50,4
476,2,335.29,ac neque duis bibendum morbi,2005,155,25,4
477,4,569.46,elementum in hac,2009,42,4,4
478,3,746.98,morbi porttitor lorem id ligula,2000,154,87,9
479,3,455.06,vel nulla eget,2018,176,22,1
480,3,125.97,faucibus orci,1993,112,6,7
481,4,613.04,ut erat,2008,79,81,6
482,2,694.0,diam erat fermentum justo,2005,88,112,2
483,7,158.57,eget rutrum at lorem integer,1990,123,128,7
484,5,303.87,tellus nisi eu,1990,169,170,3
485,1,768.46,eget massa tempor convallis,2022,15,47,10
486,1,272.35,nibh fusce lacus purus,2002,182,158,1
487,4,264.7,id ornare,1997,174,98,9
488,6,359.08,nunc proin at turpis a,2019,146,68,10
489,7,655.37,maecenas,1998,97,155,2
490,7,490.25,pede,2014,32,98,2
491,7,245.49,feugiat non pretium,2004,46,122,6
492,2,295.41,elementum,2000,52,130,10
493,6,322.47,urna ut,2020,184,167,9
494,6,647.56,venenatis turpis enim blandit,2020,96,113,6
495,5,339.22,at diam,2015,192,107,8
496,5,379.79,tempus vivamus in,2008,192,151,5
497,5,680.13,facilisi cras non velit nec,2009,94,40,5
498,2,776.09,ut,1993,164,73,6
499,5,254.32,justo,2002,122,134,7
500,1,788.35,vulputate nonummy maecenas,2013,122,1,4
501,3,624.08,nam ultrices libero,2005,169,42,5
502,6,741.61,proin risus praesent,1991,93,82,5
503,4,567.99,varius ut blandit non,1990,130,106,6
504,5,724.89,proin,2011,71,93,7
505,5,347.36,non mi integer,1996,33,176,5
506,5,314.95,nisl duis,2018,176,44,6
507,3,471.09,nisl,2000,87,98,1
508,1,328.96,sit amet justo morbi ut,2021,31,174,7
509,6,453.94,pede,1997,9,33,2
510,2,660.8,quis lectus suspendisse potenti in,1996,140,152,8
511,1,653.0,at feugiat,2018,133,41,6
512,7,784.55,eu nibh quisque,1991,99,64,9
513,7,645.22,rhoncus dui vel,2013,47,127,2
514,5,363.94,amet nunc viverra dapibus,1997,57,172,2
515,1,179.52,dapibus duis at velit eu,2015,71,152,5
516,6,285.63,at nibh in hac,2003,138,133,3
517,3,267.25,eget orci vehicula condimentum curabitur,2016,179,174,6
519,5,436.0,leo pellentesque,2000,137,24,5
520,6,235.17,proin at turpis,2018,165,103,7
521,3,470.73,ac consequat metus sapien ut,2005,54,171,7
522,1,483.9,pede morbi porttitor,2014,40,143,9
523,3,188.12,justo eu,1996,57,154,10
524,2,475.39,dolor morbi vel,2014,150,72,8
525,6,733.12,accumsan tellus nisi eu,2018,157,16,6
526,7,347.14,quis turpis sed ante,2021,116,8,5
527,4,194.71,luctus,1994,12,182,7
528,1,207.27,erat eros viverra eget congue,2020,82,148,7
529,5,354.85,morbi odio odio elementum,2012,159,160,8
530,2,741.65,sapien placerat ante,2008,195,174,2
531,1,687.25,mauris enim,1995,32,147,4
532,4,760.82,nulla pede ullamcorper,2021,152,129,7
533,1,508.68,nulla pede ullamcorper augue a,2008,76,115,1
534,4,276.08,in imperdiet,2017,94,166,3
535,1,576.36,vestibulum,2016,133,147,4
536,4,164.31,vulputate,2012,101,81,1
537,5,496.05,sed,2002,13,92,9
538,4,351.46,cubilia,2004,75,124,10
539,4,570.97,magnis dis parturient,2020,41,25,5
540,2,358.46,diam in magna bibendum,2006,106,120,5
541,5,403.13,ipsum,2017,37,77,9
542,5,550.12,sit amet diam in magna,2002,27,121,1
543,7,539.49,elit,1995,79,160,7
544,4,750.13,vestibulum velit id,2018,36,160,10
545,4,394.26,velit id pretium iaculis,2019,82,122,5
546,6,795.15,vestibulum,2003,174,121,1
547,2,455.17,quam suspendisse potenti nullam,2001,9,161,5
548,5,253.51,neque libero convallis,1994,40,91,3
549,1,206.02,ut blandit non interdum in,1997,192,135,10
550,4,702.46,dui maecenas tristique est et,2012,173,65,6
551,3,560.03,enim blandit mi in,2021,153,16,3
552,1,560.79,in quam,2006,81,7,5
553,4,696.77,massa volutpat convallis,2006,82,95,10
554,6,790.12,mauris ullamcorper,2008,189,15,9
555,7,419.02,rutrum,2018,68,57,8
556,7,711.58,libero,2006,169,20,7
557,6,461.14,ac lobortis,2022,168,35,4
558,7,617.66,dapibus dolor,1992,61,9,1
559,6,391.03,cras mi,2019,38,187,5
560,3,494.97,a nibh in,1991,60,151,8
561,3,723.6,odio,2022,15,100,4
562,3,670.31,nullam,2021,2,4,4
563,2,122.47,at,2007,9,39,9
564,5,227.21,purus aliquet at feugiat,1990,164,165,4
565,7,376.25,neque aenean auctor gravida sem,2001,167,197,8
566,2,763.35,vel,2021,85,14,10
567,4,193.86,nam nulla integer pede,1999,180,148,3
568,3,722.99,orci vehicula condimentum,1990,42,111,6
569,4,288.69,praesent blandit lacinia erat vestibulum,2008,104,37,7
570,6,297.73,rutrum at lorem integer tincidunt,2007,145,167,2
571,7,330.97,facilisi cras,2010,137,96,4
572,5,780.87,eleifend donec ut dolor,2009,122,76,4
573,6,273.48,vitae,2007,67,7,5
574,1,217.64,ut massa volutpat convallis morbi,2002,12,168,5
575,6,545.68,purus eu magna,2015,12,77,3
576,1,468.44,duis aliquam,2004,136,139,1
577,1,421.13,in,2013,80,135,2
578,3,560.38,vestibulum,1990,193,82,7
579,6,170.58,mauris,1996,153,9,7
580,2,551.87,montes nascetur ridiculus,2019,165,75,2
581,1,125.9,consequat dui nec nisi,2008,65,20,6
582,7,408.06,quisque arcu libero,2022,27,23,4
583,4,129.79,ipsum,1999,144,13,7
584,6,756.07,sed augue aliquam erat,1992,199,137,8
585,3,684.9,nisl ut volutpat sapien arcu,2011,51,166,6
586,6,578.23,auctor sed tristique in tempus,2005,194,112,3
587,6,567.54,tortor eu pede,2008,199,114,7
588,3,291.53,curae,1999,70,64,9
589,5,485.04,dictumst maecenas ut massa,2006,195,97,4
590,5,771.69,nibh quisque id justo sit,1991,119,110,7
591,7,154.42,vulputate,2004,68,98,2
592,2,465.39,eu interdum eu,2001,14,154,5
593,2,332.76,volutpat eleifend donec ut dolor,1992,178,164,9
594,7,605.04,morbi,1999,20,36,4
595,1,411.4,felis sed,1997,71,28,3
596,7,166.14,semper,2005,81,78,1
597,1,526.01,nisi,2021,152,79,5
598,2,112.36,nonummy integer non,1992,34,181,2
599,5,261.5,mauris eget massa,1995,66,41,7
600,7,662.47,nisl nunc nisl duis,1995,175,76,8
601,4,448.59,odio justo,2006,195,121,2
602,5,711.3,ante ipsum primis,1996,48,178,6
603,7,496.57,ac est lacinia,1995,148,152,2
604,4,698.46,metus arcu adipiscing,1999,20,79,10
605,4,577.23,lobortis vel,1994,103,8,4
606,5,284.21,pellentesque eget nunc donec,2022,136,72,1
607,5,428.01,ut,2007,186,46,3
608,2,390.03,sed tristique in,2004,172,183,4
609,6,589.55,justo nec condimentum,2000,150,199,4
610,5,286.9,viverra,2017,69,71,9
611,4,481.42,sit,2005,27,169,4
612,5,482.2,dui,2005,35,94,10
613,4,585.71,hac,1990,81,103,5
614,4,657.45,velit nec nisi vulputate,2002,148,42,1
615,5,243.6,sit,2011,141,185,8
616,2,347.26,nisi,2017,54,131,9
617,3,539.37,quis augue luctus tincidunt nulla,2022,167,119,9
618,2,774.01,tristique in,2015,100,9,3
619,1,614.52,dignissim vestibulum vestibulum ante ipsum,2002,116,127,6
620,1,146.44,sapien quis libero nullam,2006,12,3,10
621,3,563.92,eleifend pede libero,2016,168,51,4
622,4,527.04,curae mauris viverra diam,2007,109,181,9
623,4,273.42,purus aliquet at feugiat non,2021,1,117,1
624,3,699.46,dui luctus rutrum,2001,189,68,8
625,1,781.45,velit eu est congue,1995,42,61,4
626,2,229.52,id nulla ultrices,2002,194,140,4
627,1,387.15,potenti nullam porttitor lacus,2009,107,32,6
628,2,303.26,faucibus orci luctus et,2000,4,101,7
629,2,750.16,platea dictumst,1999,58,198,5
630,2,286.76,laoreet,1995,90,15,8
631,3,166.91,lectus,1994,156,43,9
632,5,581.6,aliquet at feugiat non pretium,2010,145,13,7
633,2,536.27,dolor morbi vel lectus in,2012,45,17,3
634,3,617.53,molestie,2017,69,173,3
635,4,226.93,venenatis tristique fusce congue,2013,158,152,8
636,3,670.09,penatibus et magnis dis,2016,182,108,6
637,7,197.54,sed sagittis nam congue,2011,130,123,7
638,4,466.39,maecenas,2006,77,13,1
639,5,401.87,pede posuere nonummy,2003,55,140,8
640,4,183.6,nulla elit,2021,116,51,3
641,5,313.25,ultrices,2005,114,44,10
642,6,643.27,montes,1997,187,88,8
643,6,350.4,ante vivamus tortor duis mattis,2006,160,138,4
644,2,154.85,purus aliquet,1996,41,156,7
645,7,744.7,quis augue luctus tincidunt nulla,2017,132,109,6
646,2,556.73,luctus,2003,92,194,7
647,1,588.84,in consequat ut nulla,2009,164,6,3
648,5,690.46,blandit lacinia,2018,85,75,3
649,4,298.3,sapien placerat,1993,20,176,2
650,2,573.27,habitasse,2010,104,3,7
651,4,185.82,quam fringilla rhoncus,2003,197,100,4
652,3,687.02,augue aliquam erat,2007,129,124,4
653,7,708.03,ac,1992,116,131,7
654,6,555.02,hac,2020,162,73,10
655,2,553.41,dapibus dolor vel est donec,2000,137,65,7
656,2,458.96,odio in hac,2009,129,98,2
657,4,318.51,non mattis pulvinar,2010,99,104,5
658,3,370.0,ante ipsum primis in,2006,35,177,10
659,1,645.5,laoreet ut rhoncus,2020,38,68,8
660,1,512.36,lobortis sapien sapien,2006,160,164,1
661,4,342.24,tortor id nulla,2009,178,25,5
662,4,374.22,tincidunt eget tempus vel pede,2020,44,5,7
663,3,491.08,vestibulum velit id,2017,148,150,2
664,2,401.83,morbi vel,2007,138,54,4
665,2,535.03,nibh quisque id justo sit,1995,155,135,4
666,1,575.55,sit amet eros suspendisse,1990,66,109,6
667,2,769.72,orci mauris,2002,48,35,8
668,6,642.45,nibh in,1994,154,139,6
669,4,510.81,morbi odio odio elementum eu,2004,69,197,3
670,5,702.69,est,1990,192,110,3
671,4,344.05,pretium,2012,94,44,7
672,4,503.08,quis orci eget orci vehicula,1995,51,62,8
673,6,630.5,nibh fusce,1995,19,184,9
674,2,121.21,dapibus nulla suscipit ligula,1990,138,124,1
675,2,449.36,hac habitasse platea,2014,141,148,8
676,2,723.46,mollis molestie,2017,69,54,5
677,7,404.97,aliquam augue quam sollicitudin vitae,2018,180,27,2
678,2,752.75,felis donec semper sapien,2018,173,34,5
679,4,655.06,volutpat dui maecenas,2008,15,99,5
680,5,252.63,consectetuer adipiscing elit proin,2005,97,167,4
681,7,166.8,dictumst morbi vestibulum velit,2002,184,48,3
682,2,562.14,neque sapien placerat,2004,187,43,2
683,7,576.56,nibh fusce lacus purus,2004,125,134,3
684,6,500.5,tempus vivamus in felis,2001,105,156,6
685,2,179.23,sit amet eros suspendisse,1991,87,71,1
686,2,138.42,nulla,2005,52,165,5
687,7,456.05,sapien quis libero,2010,192,138,9
688,4,313.91,ut,2008,111,88,6
689,4,408.6,erat vestibulum sed magna at,2001,128,21,7
690,1,480.32,non,1999,96,114,10
691,6,136.23,tristique in tempus,2015,75,132,4
692,3,401.31,donec semper,1997,174,134,5
693,7,599.51,posuere cubilia curae donec,2011,147,145,7
694,1,420.73,integer non velit,1992,139,103,8
695,7,314.97,lacinia sapien,2003,3,85,4
696,6,180.22,pellentesque volutpat dui maecenas,1993,128,161,9
697,4,505.8,metus sapien ut nunc vestibulum,2013,54,42,3
698,6,581.85,libero ut massa,1996,9,196,8
699,4,149.03,vivamus metus,2001,153,74,10
700,3,210.79,sit amet sem,2013,47,53,2
701,6,649.7,in libero,1999,187,43,9
702,3,396.35,nisl venenatis lacinia,2020,17,194,2
703,2,514.3,eget,2016,44,143,1
704,7,163.18,est congue elementum in hac,1990,61,84,1
705,2,442.32,nibh in,2013,93,158,3
706,3,682.26,in quam fringilla,2009,27,196,2
707,4,359.1,adipiscing elit proin,2015,34,39,2
708,2,355.44,dolor sit amet consectetuer adipiscing,1995,178,195,4
709,3,501.93,sagittis nam congue risus,2010,5,40,5
710,2,504.8,et magnis,2002,79,33,1
711,5,649.21,lacus morbi quis,2020,167,15,5
712,4,230.34,velit,1997,39,196,1
713,4,533.27,in,2005,74,45,9
714,6,728.78,pharetra magna vestibulum aliquet ultrices,2006,186,55,4
715,1,119.14,quis augue luctus,2004,155,57,6
716,2,713.96,varius integer ac leo,2005,159,64,5
717,2,724.04,dictumst etiam,2008,129,86,6
718,5,682.55,vehicula consequat morbi a ipsum,2020,3,85,9
719,2,178.71,morbi a,2000,174,6,10
720,1,623.36,platea,2013,22,190,8
721,7,583.03,hendrerit at vulputate,1997,77,61,9
722,3,643.68,rhoncus sed vestibulum,2018,157,179,1
723,4,285.27,lacus at,1999,48,15,1
724,4,795.3,turpis,2016,156,90,4
725,3,604.66,proin eu mi nulla,2020,171,192,7
726,2,799.37,dolor sit,1996,112,120,8
727,3,307.71,ac leo,1998,57,68,8
728,1,331.85,massa tempor convallis,1992,80,78,8
729,1,772.71,praesent,2011,190,50,5
730,7,683.23,odio justo,1993,1,161,2
731,6,466.72,odio curabitur convallis duis,2019,158,162,6
732,1,442.09,libero quis orci,2018,49,12,9
733,7,697.3,non velit donec diam,1997,187,154,3
734,2,475.95,eu magna,1996,118,125,2
735,2,352.3,orci,2006,64,27,2
736,1,330.23,purus sit,2006,19,144,4
737,6,207.06,a pede posuere nonummy integer,2013,59,73,9
738,2,637.26,elit sodales scelerisque mauris sit,1993,156,122,8
739,4,296.12,primis,2014,163,67,1
740,2,257.74,ullamcorper augue a suscipit nulla,1992,170,122,5
741,5,153.26,mattis egestas metus aenean,2013,63,23,2
742,7,171.88,justo nec condimentum,2018,31,52,3
743,3,260.69,ut,2010,12,200,7
744,3,383.38,aliquam quis,2006,128,41,10
745,3,640.86,fusce,1998,55,6,8
746,5,339.24,morbi non lectus,1992,193,90,5
747,5,482.15,eu est congue elementum in,2022,55,137,8
748,2,481.1,orci,2013,115,132,8
749,3,783.69,turpis elementum ligula vehicula consequat,2001,182,57,1
750,6,778.34,hac habitasse,2016,56,118,8
751,6,591.44,dis parturient,2001,139,184,1
752,7,394.63,vehicula condimentum curabitur in libero,1996,134,187,6
753,4,576.5,nulla eget eros,2018,50,125,1
754,6,669.26,ut,2012,152,86,1
755,6,583.51,posuere cubilia curae donec,2003,139,162,9
756,6,731.69,justo aliquam quis turpis eget,1995,96,151,7
757,7,589.02,risus auctor sed tristique in,1992,102,36,2
758,5,681.24,consectetuer eget rutrum at,1996,63,194,2
759,6,236.46,interdum mauris,2007,130,177,9
760,4,430.72,varius,2011,37,128,2
761,6,328.7,phasellus in felis donec semper,2005,101,171,10
762,2,382.98,venenatis,2006,105,18,5
763,7,775.74,neque aenean,2002,190,192,8
764,5,484.41,consequat dui nec nisi,2004,63,91,6
765,4,384.64,sed vel enim sit amet,2002,27,136,7
766,4,408.08,non mattis pulvinar nulla,2006,85,5,8
767,1,252.03,at vulputate,1993,53,162,3
768,6,586.57,in libero ut,2003,49,187,10
769,3,339.3,interdum eu tincidunt in leo,2020,181,120,7
770,5,489.58,non sodales,2001,140,12,10
771,4,436.02,pede venenatis non sodales,2012,95,151,10
772,2,628.01,quam,2011,20,100,4
773,7,170.79,odio odio elementum eu interdum,2014,8,53,9
774,4,346.54,diam,1991,187,141,3
775,1,139.43,tempor convallis,1992,2,151,5
776,2,608.92,ultrices mattis odio,2007,195,181,5
777,3,368.12,viverra eget,2010,66,183,3
778,4,112.59,vulputate vitae nisl aenean lectus,2013,183,4,10
779,7,695.22,pellentesque ultrices,1990,51,137,2
780,2,359.32,morbi sem mauris laoreet ut,2001,20,50,4
781,1,188.49,molestie nibh in,1999,122,199,5
782,4,487.88,sit amet eros suspendisse accumsan,2011,132,64,7
783,3,516.44,in faucibus orci,2018,50,143,3
784,2,674.98,tortor id,2015,70,178,10
785,3,416.66,urna,2015,18,103,9
786,3,532.24,maecenas,2009,60,83,2
787,4,299.57,montes,1999,72,153,2
788,3,372.95,amet lobortis sapien sapien non,1997,148,144,6
789,3,168.95,duis at velit eu,2017,153,2,3
790,3,133.77,felis ut,1993,192,81,6
791,2,483.67,at dolor,2022,184,75,3
792,1,715.66,sem mauris laoreet,2000,175,14,1
793,4,312.11,amet,1994,9,15,9
794,6,426.2,hac habitasse platea,2016,167,17,7
795,6,230.18,mollis molestie,1992,29,119,1
796,2,762.48,quisque erat eros viverra,2018,168,59,10
797,2,127.78,ut rhoncus,2005,67,132,2
798,7,488.75,phasellus in felis,2005,79,139,4
799,1,520.08,quis justo maecenas rhoncus,2008,138,200,5
800,5,267.28,pretium,2014,114,23,9
801,6,120.97,ipsum ac tellus semper interdum,2021,25,49,3
802,7,399.9,sapien in sapien,2013,96,26,3
803,1,222.42,nascetur ridiculus mus etiam,2022,184,140,1
804,7,112.51,elementum eu interdum eu tincidunt,2013,43,52,2
805,7,170.81,integer tincidunt ante,2016,121,44,7
806,6,397.53,quisque porta volutpat,2010,20,46,6
807,4,442.07,lacinia eget tincidunt eget tempus,2019,107,64,10
808,6,787.09,primis in,2012,22,149,7
809,1,209.07,semper interdum mauris ullamcorper,1999,132,109,2
810,5,494.95,odio in hac habitasse platea,2011,133,198,10
811,3,246.89,consequat metus sapien,2014,122,126,7
812,3,319.56,augue a suscipit,2009,97,76,6
813,6,686.5,dui luctus rutrum,2000,100,27,2
814,2,683.93,sapien iaculis congue vivamus metus,2005,17,166,6
815,2,275.84,iaculis congue vivamus metus arcu,2019,75,130,1
816,1,550.72,id,2004,138,2,1
817,2,695.54,mollis molestie lorem,2000,87,15,4
818,2,464.47,primis in faucibus orci luctus,1997,29,183,2
819,6,400.3,neque duis,1993,96,194,10
820,3,478.27,non interdum in ante vestibulum,1994,72,137,1
821,6,497.49,nunc proin,1996,74,97,8
822,5,278.82,dictumst maecenas ut massa,1995,147,159,7
823,3,528.12,duis,2011,17,148,2
824,2,128.0,praesent,2022,48,179,1
825,6,131.62,suspendisse,2011,45,183,5
826,6,343.51,vestibulum ante ipsum primis,2002,25,122,5
827,1,672.37,morbi,2009,21,39,4
828,3,444.29,augue luctus tincidunt nulla,2020,53,121,4
829,5,140.04,vestibulum quam sapien varius ut,2002,52,133,3
830,6,288.28,ante vivamus tortor duis mattis,1993,93,29,7
831,6,584.29,proin at,2017,74,68,1
832,7,469.49,vitae consectetuer eget rutrum at,2007,104,5,8
833,7,502.96,sed nisl nunc rhoncus,2005,89,77,5
834,4,753.7,amet sem fusce consequat nulla,2014,169,60,3
835,1,566.0,sit,2001,54,166,7
836,1,775.73,fusce congue diam id,1998,82,167,10
837,1,570.14,molestie nibh in,2015,131,12,1
838,5,558.46,sit amet nunc,1993,103,93,2
839,4,242.43,in hac habitasse platea dictumst,2021,152,16,4
840,6,572.72,habitasse platea dictumst,2003,174,96,4
841,6,770.92,est lacinia nisi,2014,183,124,9
842,5,491.07,in tempor,1992,8,152,6
843,2,188.55,viverra diam vitae quam suspendisse,1996,159,130,9
844,6,770.88,augue luctus,1990,151,41,6
845,1,370.52,eget tempus vel,1990,167,49,2
846,7,742.36,semper est quam pharetra magna,1999,27,32,3
847,2,422.16,integer tincidunt ante vel ipsum,2006,132,61,2
848,4,668.58,diam in magna,2001,13,97,9
849,5,598.0,lobortis vel dapibus at,2015,146,19,10
850,5,740.98,lobortis est phasellus sit amet,2017,183,161,9
851,7,377.52,turpis,2021,183,129,5
852,3,386.38,tristique fusce congue diam,2002,37,46,7
853,2,528.67,enim blandit,2019,161,150,7
854,5,745.13,ornare imperdiet sapien urna pretium,2008,29,30,5
855,3,680.25,venenatis tristique fusce,1990,180,109,7
856,4,522.01,in porttitor pede justo,2016,157,3,6
857,1,364.17,purus eu magna vulputate,2020,193,187,3
858,1,253.81,sem sed,1991,200,16,8
859,4,632.99,consectetuer adipiscing elit proin,1996,131,103,7
860,1,171.31,natoque penatibus,2012,81,59,1
861,5,594.82,ut dolor morbi vel,2001,78,150,10
862,1,294.1,ac,2003,126,56,1
863,2,466.91,nascetur ridiculus mus,2003,76,98,5
864,4,158.36,montes nascetur ridiculus,1992,40,7,2
865,7,544.12,curabitur convallis duis consequat dui,2003,73,75,5
866,7,350.42,pede libero quis orci,2008,34,100,5
867,5,585.88,vulputate,1990,178,139,9
868,1,371.03,aliquet,1994,66,200,9
869,7,460.55,sapien dignissim,2001,38,61,1
870,4,397.86,montes nascetur ridiculus mus,2006,104,186,5
871,5,264.05,amet sapien dignissim vestibulum vestibulum,1991,89,4,4
872,6,595.82,fusce congue diam,2017,60,62,5
873,5,758.98,orci luctus,2019,154,66,4
874,2,293.25,in tempor turpis,2020,119,29,4
875,6,431.75,leo maecenas,1994,78,138,2
876,4,616.55,odio in hac habitasse platea,2010,188,3,9
877,6,756.75,sapien placerat ante nulla,2019,153,41,1
878,6,579.36,ante nulla justo,2019,5,23,6
879,2,597.21,risus auctor sed tristique,2000,189,73,3
880,3,506.73,metus arcu adipiscing molestie,2016,32,71,6
881,2,746.39,ultrices posuere cubilia curae,2018,75,38,7
882,7,483.41,neque,2021,102,160,1
883,1,165.27,lacinia aenean sit amet,2003,31,167,8
884,3,183.45,in magna bibendum,2016,9,9,7
885,5,362.61,sem duis,2011,145,11,3
886,7,449.12,et eros vestibulum,2013,34,161,2
887,7,680.97,in ante vestibulum ante ipsum,2007,74,189,6
888,1,231.32,pede,2004,5,82,3
889,5,587.84,ac neque duis bibendum,2014,17,91,1
890,2,434.8,dis parturient montes,2015,83,82,7
891,4,786.79,elit ac nulla,1997,74,23,8
892,1,168.31,orci vehicula condimentum curabitur in,1990,185,110,7
893,4,146.47,fermentum justo nec,2009,35,50,2
894,5,225.35,in hac habitasse platea dictumst,2009,9,51,8
895,1,668.69,aliquet,1997,75,87,7
896,6,176.91,at vulputate vitae nisl aenean,2014,171,135,5
897,5,648.88,in est risus auctor,2020,112,105,6
898,4,405.45,vel,2008,130,166,9
899,2,653.79,odio,2019,77,102,2
900,1,322.76,adipiscing elit proin interdum,1997,110,63,10
901,5,548.02,vulputate,2006,162,158,9
902,6,275.96,erat eros,1998,104,188,8
903,4,696.3,ligula in lacus curabitur,1995,90,99,3
904,1,723.48,turpis integer aliquet massa id,1993,79,122,5
905,4,717.59,vitae ipsum aliquam non mauris,1998,12,96,3
906,5,214.15,lobortis sapien,2006,62,193,6
907,1,147.64,hac habitasse platea,2000,85,100,4
908,2,671.84,dui vel nisl duis ac,1992,199,104,8
909,1,627.86,eget,1993,99,186,3
910,2,213.11,mattis,2012,79,44,4
911,6,572.25,sapien,1990,119,26,1
912,1,455.83,quam nec,1991,56,91,10
913,4,273.98,vestibulum sit amet cursus,2011,199,180,8
914,1,270.2,dui vel sem sed sagittis,2022,115,198,4
915,2,448.48,est lacinia,2016,165,157,6
916,7,717.8,nulla suscipit ligula in lacus,2002,17,134,8
917,5,618.64,in quam,2017,84,107,5
918,5,231.71,donec ut mauris eget,1995,40,198,2
919,4,490.2,tincidunt in leo,2021,34,111,9
920,6,676.66,posuere,2013,152,94,7
921,7,160.77,nunc donec,2000,142,79,7
922,6,739.95,dis parturient montes nascetur,2001,43,65,5
923,1,140.76,sit amet,2001,18,159,7
924,5,307.35,mattis odio donec vitae,1993,18,101,8
925,4,588.38,condimentum curabitur in libero,2012,26,70,5
926,7,683.73,cursus urna ut,2019,40,26,2
927,6,252.35,purus sit,1990,89,66,3
928,1,347.74,ligula,2018,46,28,6
929,6,380.46,eu tincidunt in leo,2015,91,33,4
930,6,577.17,bibendum,2016,190,27,9
931,1,634.8,erat id mauris vulputate elementum,2022,51,94,5
932,6,528.92,odio porttitor id consequat,2021,63,110,4
933,7,596.82,et ultrices posuere,2017,70,12,10
934,5,685.79,fermentum donec ut mauris,2009,17,7,8
935,3,348.08,consequat lectus in est risus,2009,62,189,4
936,3,493.02,eget eros elementum pellentesque,1999,197,161,4
937,2,270.42,aenean fermentum donec,1999,53,62,5
938,7,374.69,mus vivamus vestibulum,1990,47,132,2
939,7,197.35,pharetra,1991,168,3,9
940,1,244.72,turpis nec,2005,179,108,1
941,7,659.94,dui proin leo odio porttitor,2010,7,154,8
942,5,581.94,aliquam convallis nunc proin at,2001,153,16,3
943,5,251.55,sed accumsan,2019,177,108,9
944,1,284.78,dapibus at,2011,179,98,5
945,2,143.79,tincidunt lacus at velit vivamus,2005,160,27,10
946,2,748.42,amet erat,1992,48,14,2
947,3,279.41,amet nulla quisque arcu libero,2004,167,23,9
948,2,663.42,hac habitasse platea dictumst,2009,184,198,6
950,1,310.09,pretium iaculis diam erat,1990,27,165,9
951,7,223.86,vestibulum sit,1994,28,53,3
952,3,243.61,arcu sed augue aliquam erat,1991,71,42,2
953,4,645.36,est,2018,127,119,6
954,1,742.8,dignissim vestibulum vestibulum ante ipsum,1990,90,118,6
955,6,600.96,nulla justo,2007,172,7,9
956,6,605.96,phasellus,2013,51,152,5
957,2,374.53,leo,2017,169,83,8
958,7,789.46,elementum ligula,1997,94,134,5
959,5,441.27,metus sapien ut nunc vestibulum,2009,48,144,6
960,1,421.04,accumsan tellus nisi eu orci,1993,17,82,8
961,7,339.66,lacinia eget,1995,39,71,3
962,1,771.05,sed,1999,108,79,8
963,1,216.46,venenatis lacinia aenean,2020,140,105,5
964,3,717.51,mi,2014,107,42,4
965,5,673.28,nisi volutpat,2001,17,121,1
966,6,445.92,nonummy integer non,2008,6,152,4
967,3,656.5,odio curabitur convallis duis,1990,110,137,10
968,5,213.85,rutrum at lorem integer,2017,163,98,7
969,7,355.7,vel,2021,120,74,3
970,1,381.6,curabitur at ipsum ac,1990,72,171,10
971,6,520.7,proin,1996,63,56,2
972,6,459.87,nam,1998,187,126,5
973,5,657.06,turpis a pede posuere,2009,36,2,10
974,6,586.66,ultrices aliquet maecenas,2019,31,6,5
975,2,467.39,etiam pretium iaculis,2016,94,65,7
976,4,258.74,suspendisse potenti in eleifend,2015,92,186,2
977,3,218.09,mauris morbi non lectus,2018,199,86,1
978,7,411.97,sed nisl nunc rhoncus,2006,141,69,2
979,4,626.16,et tempus semper est,2020,43,167,7
980,7,683.27,elementum in hac,2004,43,93,2
981,2,688.51,justo in blandit,2022,70,84,4
982,7,564.05,varius integer ac leo,1995,135,151,4
983,1,644.79,justo,2001,31,77,2
984,3,405.64,iaculis diam erat fermentum justo,1999,180,9,5
985,6,156.59,sem duis,2008,55,182,5
986,3,503.44,ligula pellentesque,2003,35,66,4
987,4,762.73,condimentum curabitur in libero,2005,154,196,4
988,7,208.19,faucibus accumsan odio curabitur convallis,2006,162,135,3
989,1,680.44,justo pellentesque viverra pede ac,2016,66,49,10
990,2,139.88,id lobortis convallis,2000,154,104,9
991,5,302.58,lectus pellentesque,2001,106,75,6
992,7,150.08,scelerisque,2003,92,35,2
993,1,229.41,aliquet maecenas leo,1997,167,121,2
994,4,508.07,sit,2007,188,33,4
995,3,173.46,mus vivamus vestibulum,1992,91,199,2
996,1,714.27,semper sapien,2019,59,116,2
997,6,137.19,nunc rhoncus,2007,66,115,4
998,2,371.03,fusce congue diam id,2017,153,156,2
999,5,438.72,condimentum curabitur,2009,47,19,1
1000,5,632.33,nam nulla integer pede justo,1999,125,56,4
